adhd-procrastination-real-mechanism	adhd-procrastinazione-meccanismo-reale	adhd-procrastination-real-mechanism	tdah-procrastinacion-mecanismo-real	adhs-prokrastination-realer-mechanismus	tdah-procrastination-mecanisme-reel
adhd-emotional-dysregulation	adhd-disregolazione-emotiva-emozioni-forti	adhd-emotional-dysregulation	tdah-desregulacion-emocional-llega-fuerte	adhs-emotionale-dysregulation-heftige-gefuehle	tdah-dysregulation-emotionnelle-emotions-fortes
adhd-sleep-circadian-rhythm	adhd-sonno-ritmi-circadiani-alterati	adhd-sleep-circadian-rhythm	tdah-sueno-reloj-biologico-alterado	adhs-schlaf-zirkadiane-rhythmen	tdah-sommeil-rythmes-circadiens-decales
adhd-behavioral-addictions-gaming	adhd-gaming-social-media-cervello-vulnerabile	adhd-behavioral-addictions-gaming	tdah-gaming-redes-sociales-engancha	adhs-gaming-social-media-gehirn-anfaellig	tdah-jeux-video-reseaux-sociaux-accroche
adhd-substance-use-risk-patterns	adhd-sostanze-rischio-pattern	adhd-substance-use-risk-patterns	tdah-sustancias-riesgo-patrones	adhs-substanzgebrauch-risiko-muster	tdah-substances-risque-schemas-usage
adhd-anxiety-comorbidity	adhd-ansia-comorbidita-confusione-diagnostica	adhd-anxiety-comorbidity	tdah-ansiedad-comorbilidad-confusion-diagnostica	adhs-angst-komorbiditaet-diagnostische-verwirrung	tdah-anxiete-comorbidite-confusion-diagnostique
adhd-depression-bidirectional	adhd-depressione-relazione-bidirezionale-adulti	adhd-depression-bidirectional	tdah-depresion-relacion-bidireccional-adultos	adhs-depression-bidirektionale-beziehung	tdah-depression-relation-bidirectionnelle
adhd-self-esteem-construction-distortions	adhd-autostima-costruzione-distorsioni	adhd-self-esteem-construction-distortions	tdah-autoestima-rotura-reconstruccion	adhs-selbstwert-aufbau-verzerrungen	tdah-estime-soi-construction-distorsions
adhd-relationships-typical-dynamics	adhd-relazioni-dinamiche-tipiche-coppia-famiglia	adhd-relationships-typical-dynamics	tdah-relaciones-dinamicas-pareja-familia	adhs-beziehungen-typische-muster-rsd-hyperfokus	tdah-relations-dynamiques-typiques-quotidien
adhd-work-discontinuous-performance	adhd-lavoro-performance-discontinua	adhd-work-discontinuous-performance	tdah-trabajo-rendimiento-irregular	adhs-beruf-diskontinuierliche-leistungsmuster	tdah-travail-performance-dents-de-scie
adhd-university-survival-strategies	adhd-universita-strategie-sopravvivenza	adhd-university-survival-strategies	tdah-universidad-estrategias-supervivencia	adhs-studium-realistische-strategien-uni	tdah-universite-strategies-survie
adhd-multitasking-myth-vs-reality	adhd-multitasking-mito-vs-realta-cognitiva	adhd-multitasking-myth-vs-reality	tdah-multitarea-mito-coste-real	adhs-multitasking-mythos-gegen-realitaet	tdah-multitache-mythe-vs-realite
adhd-hyperfocus-advantage-or-trap	adhd-iperfocus-vantaggio-o-trappola	adhd-hyperfocus-advantage-or-trap	tdah-hiperfoco-ventaja-o-trampa	adhs-hyperfokus-vorteil-falle-oder-beides	tdah-hyperfocus-avantage-ou-piege
adhd-time-management-distorted-perception	adhd-gestione-tempo-percezione-distorta	adhd-time-management-distorted-perception	tdah-gestion-tiempo-percepcion-distorsionada	adhs-zeitwahrnehmung-anders-tickt	tdah-gestion-temps-perception-deformee
adhd-working-memory-real-limits	adhd-memoria-lavoro-limiti-reali	adhd-working-memory-real-limits	tdah-memoria-trabajo-limites-reales	adhs-arbeitsgedaechtnis-konkrete-grenzen	tdah-memoire-travail-limites-reelles
adhd-impulsive-decision-making	adhd-impulsivita-decisionale-cosa-succede	adhd-impulsive-decision-making	tdah-decisiones-impulsivas-que-pasa	adhs-impulsive-entscheidungen-was-passiert	tdah-decisions-impulsives-mecanisme-reel
adhd-creativity-real-correlation	adhd-creativita-cosa-dice-ricerca	adhd-creativity-real-correlation	tdah-creatividad-correlacion-real-narrativa	adhs-kreativitaet-echte-korrelation-mythos	tdah-creativite-correlation-reelle-narrative
adhd-burnout-accelerated-dynamics	adhd-burnout-arriva-prima-torna-spesso	adhd-burnout-accelerated-dynamics	tdah-burnout-llega-antes-vuelve-siempre	adhs-burnout-schneller-oefter-kommt	tdah-burnout-dynamique-acceleree
adhd-nutrition-sugar-stimulants	adhd-alimentazione-zucchero-caffeina	adhd-nutrition-sugar-stimulants	tdah-alimentacion-azucar-no-villano	adhs-ernaehrung-zucker-koffein-mythen	tdah-alimentation-sucre-cafeine-leviers
adhd-exercise-symptom-impact	adhd-attivita-fisica-impatto-sintomi	adhd-exercise-symptom-impact	tdah-ejercicio-cambios-sintomas	adhs-bewegung-sport-wirkt	tdah-activite-physique-impact-symptomes
adhd-meditation-real-evidence	adhd-meditazione-cosa-funziona	adhd-meditation-real-evidence	tdah-meditacion-que-funciona-realmente	adhs-meditation-was-wirklich-funktioniert	tdah-meditation-ce-qui-marche-vraiment
adhd-technology-symptom-amplification	adhd-tecnologia-amplifica-sintomi	adhd-technology-symptom-amplification	tdah-tecnologia-amplifica-sintomas	adhs-technologie-apps-symptome-verstaerken	tdah-technologie-amplifie-symptomes
adhd-work-structured-vs-free-environments	adhd-lavoro-ambiente-strutturato-libero	adhd-work-structured-vs-free-environments	tdah-trabajo-estructura-rigida-libertad	adhs-strukturierte-vs-freie-arbeitsumgebung	tdah-environnement-travail-structure-libre
adhd-entrepreneurship-risk-opportunity	adhd-imprenditorialita-rischio-opportunita	adhd-entrepreneurship-risk-opportunity	tdah-emprendimiento-riesgo-oportunidad	adhs-unternehmertum-risiko-chance	tdah-entrepreneuriat-risque-opportunite
adhd-parenting-raising-child	adhd-parenting-crescere-figlio-adhd	adhd-parenting-raising-child	tdah-crianza-criar-hijo-tdah	adhs-erziehung-adhs-kind-alltag	tdah-parentalite-elever-enfant-tdah
adhd-parents-family-impact	adhd-genitori-vita-famiglia	adhd-parents-family-impact	tdah-padres-impacto-familia	adhs-eltern-folgen-familienalltag	tdah-parents-impact-famille
adhd-school-system-limits	adhd-scuola-italiana-limiti-sistema	adhd-school-system-limits	tdah-escuela-espana-limites-sistema	adhs-deutsches-schulsystem-reale-grenzen	tdah-ecole-francaise-limites-systeme
adhd-stimulant-medications-real-effects	adhd-farmaci-stimolanti-effetti-reali	adhd-stimulant-medications-real-effects	tdah-estimulantes-que-hacen-realmente	adhs-stimulanzien-was-sie-wirklich-tun	tdah-stimulants-ce-quils-font-vraiment
adhd-non-stimulant-medications-when	adhd-farmaci-non-stimolanti-quando-servono	adhd-non-stimulant-medications-when	tdah-no-estimulantes-cuando-tienen-sentido	adhs-nicht-stimulanzien-wann-sinnvoll	tdah-non-stimulants-quand-ils-ont-sens
adhd-cognitive-behavioral-therapy	adhd-cbt-cosa-funziona-adulti	adhd-cognitive-behavioral-therapy	tdah-tcc-terapia-cognitivo-conductual	adhs-kvt-verhaltenstherapie-leistet	tdah-tcc-therapie-change-quotidien
adhd-coaching-real-value-vs-marketing	adhd-coaching-utilita-reale-vs-marketing	adhd-coaching-real-value-vs-marketing	tdah-coaching-utilidad-real-vs-marketing	adhs-coaching-echter-nutzen-vs-marketing	tdah-coaching-utilite-reelle-vs-marketing
adhd-digital-tools-task-managers	adhd-strumenti-digitali-task-manager	adhd-digital-tools-task-managers	tdah-herramientas-digitales-que-funcionan	adhs-digitale-tools-was-funktioniert-gehirn	tdah-outils-numeriques-ce-qui-marche
adhd-routines-build-vs-fail	adhd-routine-crollano-come-costruirle	adhd-routines-build-vs-fail	tdah-rutinas-construir-fallar	adhs-routinen-scheitern-tragen	tdah-routines-construire-vs-echouer
adhd-discipline-why-standard-methods-fail	adhd-disciplina-metodi-standard-falliscono	adhd-discipline-why-standard-methods-fail	tdah-disciplina-metodos-estandar-fallan	adhs-disziplin-standardmethoden-scheitern	tdah-discipline-methodes-standard-echouent
adhd-priority-management	adhd-gestione-priorita-difficile	adhd-priority-management	tdah-gestion-prioridades-atasca-todo	adhs-prioritaeten-gehirn-alles-wichtig	tdah-gestion-priorites-pourquoi-si-dur
adhd-cognitive-overload	adhd-overload-cognitivo-saturazione	adhd-cognitive-overload	tdah-sobrecarga-cognitiva-cerebro-satura	adhs-kognitive-ueberlastung-was-passiert	tdah-surcharge-cognitive-cerveau-sature
adhd-workspace-design-environment	adhd-design-spazio-lavoro	adhd-workspace-design-environment	tdah-entorno-espacio-concentrarte-mejor	adhs-arbeitsplatz-umgebung-fokus-formt	tdah-espace-travail-design-aide
adhd-personal-finance-impulsivity-debt	adhd-finanze-rosso-senza-vederlo	adhd-personal-finance-impulsivity-debt	tdah-finanzas-endeudas-frenarlo	adhs-finanzen-impulsivitaet-schulden-strategien	tdah-finances-impulsivite-dettes-achats
adhd-it-career-advantages-challenges	adhd-carriera-it-vantaggi-criticita	adhd-it-career-advantages-challenges	tdah-carrera-it-ventajas-dificultades	adhs-tech-karriere-vorteile-huerden	tdah-carriere-tech-avantages-defis
adhd-social-media-dopamine-loops	adhd-social-media-loop-dopaminergici	adhd-social-media-dopamine-loops	tdah-redes-sociales-bucles-dopaminergicos	adhs-social-media-dopaminerge-schleifen	tdah-reseaux-sociaux-boucles-dopaminergiques
adhd-romantic-relationships-instability	adhd-relazioni-sentimentali-instabili	adhd-romantic-relationships-instability	tdah-relaciones-sentimentales-inestables	adhs-partnerschaften-liebe-instabil	tdah-relations-sentimentales-vacille
adhd-social-masking	adhd-mascheramento-costo-sembrare-normale	adhd-social-masking	tdah-enmascaramiento-coste-pasar-neurotipico	adhs-masking-unsichtbare-kosten	tdah-masquage-social-cout-cache-camouflage
adhd-women-underdiagnosis-bias	adhd-donne-diagnosi-tardiva	adhd-women-underdiagnosis-bias	tdah-mujeres-subdiagnostico-sesgos-tardio	adhs-frauen-unterdiagnose-klinische-bias	tdah-femmes-sous-diagnostic-biais
adhd-differential-diagnosis-bipolar-borderline	adhd-diagnosi-differenziale-bipolare-borderline	adhd-differential-diagnosis-bipolar-borderline	tdah-diagnostico-diferencial-bipolar-limite	adhs-differentialdiagnose-bipolar-borderline	tdah-diagnostic-differentiel-bipolaire-borderline
adhd-micro-tasking-work-decomposition	adhd-micro-tasking-scomporre-lavoro	adhd-micro-tasking-work-decomposition	tdah-micro-tasking-descomponer-trabajo	adhs-micro-tasking-arbeit-operativ-zerlegen	tdah-micro-tasking-decomposer-travail-pas
adhd-task-switching-cost-impact	adhd-task-switching-impatto-lavoro	adhd-task-switching-cost-impact	tdah-task-switching-coste-real-medible	adhs-task-switching-cost-messbarer-einfluss	tdah-task-switching-cout-cognitif-mesurable
adhd-immediate-reward-incentive-design	adhd-reward-immediato-incentivi-funzionano	adhd-immediate-reward-incentive-design	tdah-recompensa-inmediata-incentivos-funcionan	adhs-sofortige-belohnung-anreize-tragen	tdah-recompense-immediate-incitations-marchent
adhd-productivity-systems-why-they-fail	adhd-sistemi-produttivita-falliscono	adhd-productivity-systems-why-they-fail	tdah-sistemas-productividad-fallan	adhs-produktivitaetssysteme-scheitern	tdah-systemes-productivite-echouent
